[{"deep_dive_context": {"read": "read_itsi_deep_dive_context", "write": "write_itsi_deep_dive_context", "delete": "delete_itsi_deep_dive_context", "interact": "interact_with_itsi_deep_dive_context"}, "entity_relationship_rule": {"read": "read_itsi_service", "write": "write_itsi_service", "delete": "delete_itsi_service"}, "base_service_template": {"read": "read_itsi_base_service_template", "write": "write_itsi_base_service_template", "delete": "delete_itsi_base_service_template"}, "maintenance_calendar": {"read": "read-maintenance_calendar", "write": "write-maintenance_calendar", "delete": "delete-maintenance_calendar"}, "files": {"read": "read_itsi_backup_restore", "write": "write_itsi_backup_restore", "delete": "delete_itsi_backup_restore"}, "team": {"read": "read_itsi_team", "write": "write_itsi_team", "delete": "delete_itsi_team"}, "notable_event_ticketing": {"read": "read-notable_event", "write": "write-notable_event", "delete": "delete-notable_event"}, "kpi": {"read": "read_itsi_service", "write": "write_itsi_service", "delete": "delete_itsi_service"}, "saved_page": null, "correlation_search": {"read": "read_itsi_correlation_search", "write": "write_itsi_correlation_search", "delete": "delete_itsi_correlation_search", "interact": "interact_with_itsi_correlation_search"}, "glass_table": {"read": "read_itsi_glass_table", "write": "write_itsi_glass_table", "delete": "delete_itsi_glass_table", "interact": "interact_with_itsi_glass_table"}, "notable_event_group": {"read": "read-notable_event_action", "write": "execute-notable_event_action", "delete": "execute-notable_event_action"}, "kpi_base_search": {"read": "read_itsi_kpi_base_search", "write": "write_itsi_kpi_base_search", "delete": "delete_itsi_kpi_base_search"}, "notable_event_action": {"read": "read-notable_event_action", "write": "execute-notable_event_action"}, "_key": "itsi", "home_view": {"read": "read_itsi_homeview", "write": "write_itsi_homeview", "delete": "delete_itsi_homeview", "interact": "interact_with_itsi_homeview"}, "kpi_threshold_template": {"read": "read_itsi_kpi_threshold_template", "write": "write_itsi_kpi_threshold_template", "delete": "delete_itsi_kpi_threshold_template"}, "notable_event_comment": {"read": "read-notable_event", "write": "write-notable_event", "delete": "delete-notable_event"}, "notable_event": {"read": "read-notable_event", "write": "write-notable_event", "delete": "delete-notable_event"}, "event_management_state": {"read": "read_itsi_event_management_state", "write": "write_itsi_event_management_state", "delete": "delete_itsi_event_management_state"}, "service": {"read": "read_itsi_service", "write": "write_itsi_service", "delete": "delete_itsi_service"}, "rbac": {"read": "configure_perms", "write": "configure_perms", "delete": "configure_perms"}, "entity_relationship": {"read": "read_itsi_service", "write": "write_itsi_service", "delete": "delete_itsi_service"}, "mod_time": 1548026835.570565, "notable_event_tag": {"read": "read-notable_event", "write": "write-notable_event", "delete": "delete-notable_event"}, "_user": "nobody", "backup_restore": {"read": "read_itsi_backup_restore", "write": "write_itsi_backup_restore", "delete": "delete_itsi_backup_restore"}, "notable_event_aggregation_policy": {"read": "read_itsi_notable_aggregation_policy", "write": "write_itsi_notable_aggregation_policy", "edit_default": "edit_default_itsi_notable_aggregation_policy", "delete": "delete_itsi_notable_aggregation_policy", "interact": "interact_with_itsi_notable_aggregation_policy"}, "deep_dive": {"read": "read_itsi_deep_dive", "write": "write_itsi_deep_dive", "delete": "delete_itsi_deep_dive", "interact": "interact_with_itsi_deep_dive"}, "temporary_kpi": {"read": "read_itsi_temporary_kpi", "write": "write_itsi_temporary_kpi", "delete": "delete_itsi_temporary_kpi"}, "entity": {"read": "read_itsi_service", "write": "write_itsi_service", "delete": "delete_itsi_service"}, "kpi_template": {"read": "read_itsi_service", "write": "write_itsi_service", "delete": "delete_itsi_service"}}]