[{"obj_acl": {"read": ["*"], "write": ["*"], "delete": ["*"], "obj_owner": "nobody"}, "obj_type": "home_view", "obj_shared_by_inclusion": true, "obj_app": "itsi", "_user": "nobody", "obj_storename": "itsi_service_analyzer", "acl_owner": "nobody", "obj_id": "admin", "_key": "4ae35bd9-1cb7-11e9-84e5-02427b59d6d4", "acl_id": "4ae35bd9-1cb7-11e9-84e5-02427b59d6d4"}, {"obj_acl": {"read": ["*"], "write": ["*"], "delete": [], "obj_owner": "nobody"}, "obj_type": "correlation_search", "obj_shared_by_inclusion": true, "obj_app": "itsi", "_user": "nobody", "obj_storename": "itsi_correlation_search", "acl_owner": "nobody", "obj_id": "Monitor Critical Service Based on HealthScore", "_key": "8adc9914-1cb6-11e9-a54a-02427b59d6d4", "acl_id": "8adc9914-1cb6-11e9-a54a-02427b59d6d4"}, {"obj_acl": {"read": ["*"], "write": ["*"], "delete": [], "obj_owner": "nobody"}, "obj_type": "correlation_search", "obj_shared_by_inclusion": true, "obj_app": "itsi", "_user": "nobody", "obj_storename": "itsi_correlation_search", "acl_owner": "nobody", "obj_id": "Splunk App for Infrastructure Alerts", "_key": "8b398480-1cb6-11e9-b3df-02427b59d6d4", "acl_id": "8b398480-1cb6-11e9-b3df-02427b59d6d4"}, {"obj_acl": {"read": ["*"], "write": ["*"], "delete": [], "obj_owner": "nobody"}, "obj_type": "correlation_search", "obj_shared_by_inclusion": true, "obj_app": "itsi", "_user": "nobody", "obj_storename": "itsi_correlation_search", "acl_owner": "nobody", "obj_id": "Normalized Correlation Search", "_key": "8b8ee02e-1cb6-11e9-a347-02427b59d6d4", "acl_id": "8b8ee02e-1cb6-11e9-a347-02427b59d6d4"}, {"obj_acl": {"read": ["*"], "write": ["*"], "delete": [], "obj_owner": "nobody"}, "obj_type": "correlation_search", "obj_shared_by_inclusion": true, "obj_app": "itsi", "_user": "nobody", "obj_storename": "itsi_correlation_search", "acl_owner": "nobody", "obj_id": "SNMP Traps", "_key": "8be763c7-1cb6-11e9-a76d-02427b59d6d4", "acl_id": "8be763c7-1cb6-11e9-a76d-02427b59d6d4"}, {"obj_storename": "itsi_notable_event_aggregation_policy", "obj_type": "notable_event_aggregation_policy", "obj_shared_by_inclusion": true, "obj_app": "itsi", "_user": "nobody", "obj_acl": {"read": ["*"], "write": ["*"], "delete": [], "obj_owner": "nobody"}, "acl_owner": "nobody", "obj_id": "itsi_default_policy", "_key": "8ce9a219-1cb6-11e9-9277-02427b59d6d4", "acl_id": "8ce9a219-1cb6-11e9-9277-02427b59d6d4"}, {"obj_storename": "itsi_notable_event_aggregation_policy", "obj_type": "notable_event_aggregation_policy", "obj_shared_by_inclusion": true, "obj_app": "itsi", "_user": "nobody", "obj_acl": {"read": ["*"], "write": ["*"], "delete": [], "obj_owner": "nobody"}, "acl_owner": "nobody", "obj_id": "normalized_aggregation_policy", "_key": "8d37349e-1cb6-11e9-bb1e-02427b59d6d4", "acl_id": "8d37349e-1cb6-11e9-bb1e-02427b59d6d4"}, {"obj_storename": "itsi_notable_event_aggregation_policy", "obj_type": "notable_event_aggregation_policy", "obj_shared_by_inclusion": true, "obj_app": "itsi", "_user": "nobody", "obj_acl": {"read": ["*"], "write": ["*"], "delete": [], "obj_owner": "nobody"}, "acl_owner": "nobody", "obj_id": "itsi_default_snmp_policy", "_key": "8d5845e3-1cb6-11e9-b888-02427b59d6d4", "acl_id": "8d5845e3-1cb6-11e9-b888-02427b59d6d4"}]