[{"_version": "4.0.3", "_owner": "nobody", "acl": {"perms": {"read": ["*"], "write": ["*"]}, "modifiable": true, "can_share_user": true, "sharing": "app", "can_write": true, "can_share_global": true, "can_change_perms": true, "can_share_app": true, "owner": "admin"}, "identifying_name": "", "source_itsi_da": "itsi", "isDefault": true, "serviceTilesSettings": {"isFilterEnabled": false, "numTiles": 50}, "earliest_time": "-12h", "viewType": "tile", "searchType": "aggregate", "isKpiFilterEnabled": false, "_key": "admin", "description": "", "latest_time": "now", "isServiceFilterEnabled": false, "kpiTilesSettings": {"isFilterEnabled": false, "numTiles": 50}, "serviceFilterString": "", "view": "standard", "mod_timestamp": "2019-01-20T13:28:37.289656+00:00", "title": "", "mod_time": "", "serviceWhitelist": "", "_user": "nobody", "showDisabledServices": 0, "mod_source": "REST", "object_type": "home_view", "kpiFilterString": "", "kpiWhitelist": [], "tileSize": "large"}]