[{"status": "Scheduled Daily", "_version": "4.0.3", "_owner": "nobody", "_user": "nobody", "path": "/opt/splunk/var/itsi/backups/ItsiDefaultScheduledBackup/backup", "identifying_name": "default scheduled backup", "end_time": 1547990602.288367, "_key": "ItsiDefaultScheduledBackup", "title": "Default Scheduled Backup", "scheduled_time": 1548032400.73727, "job_type": "Backup", "last_error": "None", "start_time": 1547990600.563761, "scheduled": 1, "enabled": 1, "mod_source": "REST", "object_type": "backup_restore", "mod_timestamp": "2019-01-20T13:23:30.170625+00:00", "search_head_id": "C24274BF-E648-467A-8505-9BDEA905FD49", "frequency": "daily"}]