[{"action.itsi_event_generator.param.drilldown_search_earliest_offset": "-300", "action.email": "0", "is_visible": "1", "dispatch.auto_cancel": "0", "dispatch.index_earliest": null, "action.itsi_event_generator.param.drilldown_search_title": "%service_name% health", "action.itsi_event_generator.param.severity": "4", "dispatch.indexedRealtimeMinSpan": null, "max_concurrent": "1", "action.email.to": null, "alert.expires": "24h", "alert.severity": "3", "alert_comparator": "greater than", "action.itsi_event_generator.param.description": "%service_name% is currently in %severity_label% with a value of %severity_value% at %actual_time%", "auto_summarize": "0", "action.rss": "0", "dispatch.index_latest": null, "dispatch.max_count": "500000", "action.itsi_event_generator": "1", "realtime_schedule": "1", "eai:acl": {"owner": "nobody", "app": "itsi", "sharing": "global", "can_share_global": "1", "can_share_user": "0", "perms": {"read": ["*"], "write": ["itoa_admin", "itoa_team_admin"], "delete": ["itoa_admin", "itoa_team_admin"]}, "can_list": "1", "removable": "0", "can_write": "1", "modifiable": "1", "can_change_perms": "1", "can_share_app": "1"}, "alert.managedBy": null, "dispatch.auto_pause": "0", "action.itsi_event_generator.param.editor": "advance_correlation_builder_editor", "action.itsi_event_generator.param.drilldown_search_search": "`service_health_data` %itsi_service_id%", "is_scheduled": "1", "schedule_priority": "default", "disabled": "1", "dispatch.max_time": "0", "dispatch.indexedRealtime": null, "cron_schedule": "*/1 * * * *", "action.script": "0", "action.itsi_event_generator.param.drilldown_uri": "/app/itsi/service_detail?serviceId=%itsi_service_id%&earliest=rt-24h&latest=rtnow&kpiId=%kpiid%", "dispatch.rt_maximum_span": null, "workload_pool": null, "action.email.sendresults": null, "dispatch.indexedRealtimeOffset": null, "schedule_window": "0", "alert.track": "0", "dispatch.reduce_freq": "10", "restart_on_searchpeer_add": "1", "action.itsi_event_generator.param.drilldown_title": "Drilldown to %service_name% health score", "dispatch.earliest_time": "-1m", "dispatch.buckets": "0", "alert.digest_mode": "1", "dispatch.rt_backfill": "0", "alert_condition": null, "alert_threshold": "0", "name": "Monitor Critical Service Based on HealthScore", "dispatch.lookups": "1", "dispatch.ttl": "2p", "actions": "itsi_event_generator", "defer_scheduled_searchable_idxc": "1", "search": "`service_health_data` alert_level=6 | rename serviceid as itsi_service_id | rename kpiid as itsi_kpi_id | rename kpi as kpi_name| lookup service_kpi_lookup _key as itsi_service_id OUTPUT title | rename title as service_name | eval actual_time=_time | convert ctime(actual_time) as actual_time", "alert.suppress": "0", "action.itsi_event_generator.param.search_type": "basic", "next_scheduled_time": null, "dispatch.sample_ratio": "1", "action.email.format": "pdf", "action.itsi_event_generator.param.title": "%service_name% is in %severity_label% - %severity_value%", "dispatch.latest_time": "now", "dispatchAs": "owner", "sid": "Monitor Critical Service Based on HealthScore", "action.itsi_event_generator.param.drilldown_search_latest_offset": "300", "run_n_times": "0", "action.itsi_event_generator.param.meta_data": "{}", "alert_type": "number of events", "run_on_startup": "0", "vsid": null, "alert.suppress.period": null, "description": "Monitor Critical service in the environment.", "qualifiedSearch": "search `service_health_data` alert_level=6 | rename serviceid as itsi_service_id | rename kpiid as itsi_kpi_id | rename kpi as kpi_name| lookup service_kpi_lookup _key as itsi_service_id OUTPUT title | rename title as service_name | eval actual_time=_time | convert ctime(actual_time) as actual_time", "dispatch.time_format": "%FT%T.%Q%:z", "allow_skew": "0", "dispatch.spawn_process": "1", "alert.suppress.fields": null, "displayview": null, "action.itsi_event_generator.param.status": "0", "action.itsi_event_generator.param.owner": "unassigned", "object_type": "correlation_search"}, {"action.itsi_event_generator.param.drilldown_search_earliest_offset": "-300", "action.email": "0", "is_visible": "1", "dispatch.auto_cancel": "0", "dispatch.index_earliest": null, "action.itsi_event_generator.param.drilldown_search_title": "Show Alerts", "action.itsi_event_generator.param.severity": "%itsiSeverity%", "dispatch.indexedRealtimeMinSpan": null, "max_concurrent": "1", "action.email.to": null, "action.itsi_event_generator.param.entity_lookup_field": "tmp_entity", "alert.severity": "3", "alert_comparator": "greater than", "action.itsi_event_generator.param.description": "%itsiDetails%", "auto_summarize": "0", "action.rss": "0", "dispatch.index_latest": null, "dispatch.max_count": "500000", "action.itsi_event_generator": "1", "realtime_schedule": "1", "eai:acl": {"owner": "nobody", "app": "itsi", "sharing": "global", "can_share_global": "1", "can_share_user": "0", "perms": {"read": ["*"], "write": ["itoa_admin", "itoa_team_admin"], "delete": ["itoa_admin", "itoa_team_admin"]}, "can_list": "1", "removable": "0", "can_write": "1", "modifiable": "1", "can_change_perms": "1", "can_share_app": "1"}, "alert.managedBy": null, "dispatch.auto_pause": "0", "action.itsi_event_generator.param.editor": "advance_correlation_builder_editor", "action.itsi_event_generator.param.drilldown_search_search": "itsiInstance=\"%itsiInstance%\" itsiAlert=\"%itsiAlert%\"", "is_scheduled": "1", "schedule_priority": "default", "disabled": "1", "dispatch.max_time": "0", "dispatch.indexedRealtime": null, "cron_schedule": "*/1 * * * *", "action.script": "0", "dispatch.rt_maximum_span": null, "workload_pool": null, "action.email.sendresults": null, "dispatch.indexedRealtimeOffset": null, "schedule_window": "0", "alert.track": "0", "dispatch.reduce_freq": "10", "restart_on_searchpeer_add": "1", "dispatch.earliest_time": "-1m", "alert.expires": "24h", "dispatch.buckets": "0", "alert.digest_mode": "1", "dispatch.rt_backfill": "0", "alert_condition": null, "alert_threshold": "0", "name": "Normalized Correlation Search", "dispatch.lookups": "1", "dispatch.ttl": "2p", "actions": "itsi_event_generator", "defer_scheduled_searchable_idxc": "1", "search": "itsiInstance=* itsiAlert=* itsiSeverity=* | eval itsiSubInstance=if(isnull(itsiSubInstance), \"-\", itsiSubInstance) | eval itsiDetails = if(isnull(itsiDetails), \"no details\", itsiDetails) | eval itsiRawStatus = if(isnull(itsiRawStatus), \"unknown\", itsiRawStatus) | sort itsiInstance itsiSubInstance itsiAlert -_time itsiSeverity | dedup consecutive=true itsiInstance itsiSubInstance itsiAlert itsiSeverity | eval tmp_entity=itsiInstance", "alert.suppress": "0", "action.itsi_event_generator.param.search_type": "basic", "next_scheduled_time": null, "dispatch.sample_ratio": "1", "action.email.format": "pdf", "action.itsi_event_generator.param.title": "%itsiAlert% - %itsiInstance% (%itsiSubInstance%) is %itsiRawStatus%", "dispatch.latest_time": "now", "dispatchAs": "owner", "sid": "Normalized Correlation Search", "action.itsi_event_generator.param.drilldown_search_latest_offset": "300", "run_n_times": "0", "action.itsi_event_generator.param.meta_data": "{}", "alert_type": "number of events", "run_on_startup": "0", "vsid": null, "alert.suppress.period": null, "description": "Correlation search on ITSI normalized fields", "qualifiedSearch": "search itsiInstance=* itsiAlert=* itsiSeverity=* | eval itsiSubInstance=if(isnull(itsiSubInstance), \"-\", itsiSubInstance) | eval itsiDetails = if(isnull(itsiDetails), \"no details\", itsiDetails) | eval itsiRawStatus = if(isnull(itsiRawStatus), \"unknown\", itsiRawStatus) | sort itsiInstance itsiSubInstance itsiAlert -_time itsiSeverity | dedup consecutive=true itsiInstance itsiSubInstance itsiAlert itsiSeverity | eval tmp_entity=itsiInstance", "dispatch.time_format": "%FT%T.%Q%:z", "allow_skew": "0", "dispatch.spawn_process": "1", "alert.suppress.fields": null, "displayview": null, "action.itsi_event_generator.param.status": "1", "action.itsi_event_generator.param.owner": "unassigned", "object_type": "correlation_search"}, {"action.itsi_event_generator.param.drilldown_search_earliest_offset": "-300", "action.email": "0", "is_visible": "1", "dispatch.auto_cancel": "0", "dispatch.index_earliest": null, "action.itsi_event_generator.param.drilldown_search_title": "Node details", "action.itsi_event_generator.param.severity": "1", "dispatch.indexedRealtimeMinSpan": null, "max_concurrent": "1", "action.email.to": null, "alert.expires": "24h", "alert.severity": "3", "alert_comparator": "greater than", "action.itsi_event_generator.param.description": "%node%:%Description%", "auto_summarize": "0", "action.rss": "0", "dispatch.index_latest": null, "dispatch.max_count": "500000", "action.itsi_event_generator": "1", "realtime_schedule": "1", "eai:acl": {"owner": "nobody", "app": "itsi", "sharing": "global", "can_share_global": "1", "can_share_user": "0", "perms": {"read": ["*"], "write": ["itoa_admin", "itoa_team_admin"], "delete": ["itoa_admin", "itoa_team_admin"]}, "can_list": "1", "removable": "0", "can_write": "1", "modifiable": "1", "can_change_perms": "1", "can_share_app": "1"}, "alert.managedBy": null, "dispatch.auto_pause": "0", "action.itsi_event_generator.param.editor": "advance_correlation_builder_editor", "action.itsi_event_generator.param.drilldown_search_search": "index=snmptrapd", "is_scheduled": "1", "schedule_priority": "default", "disabled": "1", "dispatch.max_time": "0", "dispatch.indexedRealtime": null, "cron_schedule": "*/1 * * * *", "action.script": "0", "dispatch.rt_maximum_span": null, "workload_pool": null, "action.email.sendresults": null, "dispatch.indexedRealtimeOffset": null, "schedule_window": "0", "alert.track": "0", "dispatch.reduce_freq": "10", "restart_on_searchpeer_add": "1", "dispatch.earliest_time": "-1m", "dispatch.buckets": "0", "alert.digest_mode": "1", "dispatch.rt_backfill": "0", "alert_condition": null, "alert_threshold": "0", "name": "SNMP Traps", "dispatch.lookups": "1", "action.email.includeEntities": "0", "dispatch.ttl": "2p", "actions": "itsi_event_generator", "defer_scheduled_searchable_idxc": "1", "search": "index=snmptrapd", "alert.suppress": "0", "action.itsi_event_generator.param.search_type": "basic", "next_scheduled_time": null, "dispatch.sample_ratio": "1", "action.email.format": "pdf", "action.itsi_event_generator.param.title": "%node%:%Description%", "dispatch.latest_time": "@m", "dispatchAs": "owner", "sid": "SNMP Traps", "action.itsi_event_generator.param.drilldown_search_latest_offset": "300", "run_n_times": "0", "action.itsi_event_generator.param.meta_data": "{}", "alert_type": "number of events", "run_on_startup": "0", "vsid": null, "alert.suppress.period": null, "description": null, "qualifiedSearch": "search index=snmptrapd", "dispatch.time_format": "%FT%T.%Q%:z", "allow_skew": "0", "dispatch.spawn_process": "1", "alert.suppress.fields": null, "displayview": null, "action.itsi_event_generator.param.status": "1", "action.itsi_event_generator.param.owner": "unassigned", "object_type": "correlation_search"}, {"action.itsi_event_generator.param.drilldown_search_earliest_offset": "-300", "action.email": "0", "is_visible": "1", "dispatch.auto_cancel": "0", "dispatch.index_earliest": null, "action.itsi_event_generator.param.drilldown_search_title": "%entity_title% Search", "action.itsi_event_generator.param.severity": "%itsiSeverity%", "dispatch.indexedRealtimeMinSpan": null, "max_concurrent": "1", "action.email.to": null, "alert.expires": "24h", "alert.severity": "3", "alert_comparator": "greater than", "action.itsi_event_generator.param.description": "%entity_title% %metric_name% alert imported from Splunk App for Infrastructure", "auto_summarize": "0", "action.rss": "0", "dispatch.index_latest": null, "dispatch.max_count": "500000", "action.itsi_event_generator": "1", "realtime_schedule": "1", "eai:acl": {"owner": "nobody", "app": "itsi", "sharing": "global", "can_share_global": "1", "can_share_user": "0", "perms": {"read": ["*"], "write": ["itoa_admin", "itoa_team_admin"], "delete": ["itoa_admin", "itoa_team_admin"]}, "can_list": "1", "removable": "0", "can_write": "1", "modifiable": "1", "can_change_perms": "1", "can_share_app": "1"}, "alert.managedBy": null, "dispatch.auto_pause": "0", "action.itsi_event_generator.param.editor": "advance_correlation_builder_editor", "action.itsi_event_generator.param.drilldown_search_search": "index=infra_alerts AND current_state!=None | rex \"entity_id=\\\"(?<entity_id>.*?)\\\",\" | search entity_id=\"%entity_id%\"", "is_scheduled": "1", "schedule_priority": "default", "disabled": "1", "dispatch.max_time": "0", "dispatch.indexedRealtime": null, "cron_schedule": "*/1 * * * *", "action.script": "0", "action.itsi_event_generator.param.drilldown_uri": "/app/splunk_app_infrastructure/metrics_analysis?entity=%urlencoded_entity_id%&tab=ANALYSIS", "dispatch.rt_maximum_span": null, "workload_pool": null, "action.email.sendresults": null, "dispatch.indexedRealtimeOffset": null, "schedule_window": "0", "alert.track": "0", "dispatch.reduce_freq": "10", "restart_on_searchpeer_add": "1", "action.itsi_event_generator.param.drilldown_title": "%entity_title% Analysis in Splunk App for Infrastructure", "dispatch.earliest_time": "-5m", "dispatch.buckets": "0", "alert.digest_mode": "1", "dispatch.rt_backfill": "0", "alert_condition": null, "alert_threshold": "0", "name": "Splunk App for Infrastructure Alerts", "dispatch.lookups": "1", "dispatch.ttl": "2p", "actions": "itsi_event_generator", "defer_scheduled_searchable_idxc": "1", "search": "index=infra_alerts AND current_state!=None | rex \"entity_id=\\\"(?<entity_id>.*?)\\\",\" | eval urlencoded_entity_id=entity_id | rex field=urlencoded_entity_id mode=sed \"s:%:%25:g s: :%20:g s:<:%3C:g s:>:%3E:g s:#:%23:g s:{:%7B:g s:}:%7D:g s:\\|:%7C:g s:\\\\\\:%5C:g s:\\^:%5E:g s:~:%7E:g s:\\[:%5B:g s:\\]:%5D:g s:\\`:%60:g s:;:%3B:g s:/:%2F:g s:\\?:%3F:g s/:/%3A/g s:@:%40:g s:=:%3D:g s:&:%26:g s:\\$:%24:g s:\\!:%21:g s:\\*:%2A:g\" | eval itsiAlert=search_name | eval itsiInstance=entity_title | eval itsiSubInstance=if(isnull(itsiSubInstance), \"-\", itsiSubInstance) | eval itsiRawStatus=current_state | eval itsiSeverity=case(current_state = \"1\", 2, current_state=\"3\", 4, current_state = \"5\", 6, 1=1, 1) | eval itsiDetails = state_change + \": \" + identifier_dimensions + \" \" + metric_name + \" current value is \" + current_value | eval sec_grp=default_itsi_security_group | `filter_maintenance_entities`", "alert.suppress": "0", "action.itsi_event_generator.param.search_type": "basic", "next_scheduled_time": null, "dispatch.sample_ratio": "1", "action.email.format": "pdf", "action.itsi_event_generator.param.title": "%entity_title% %metric_name% %state_change%d", "dispatch.latest_time": "now", "dispatchAs": "owner", "sid": "Splunk App for Infrastructure Alerts", "action.itsi_event_generator.param.drilldown_search_latest_offset": "300", "run_n_times": "0", "action.itsi_event_generator.param.meta_data": "{}", "alert_type": "number of events", "run_on_startup": "0", "vsid": null, "alert.suppress.period": null, "description": "Import alerts from Splunk App for Infrastructure.", "qualifiedSearch": "search index=infra_alerts AND current_state!=None | rex \"entity_id=\\\"(?<entity_id>.*?)\\\",\" | eval urlencoded_entity_id=entity_id | rex field=urlencoded_entity_id mode=sed \"s:%:%25:g s: :%20:g s:<:%3C:g s:>:%3E:g s:#:%23:g s:{:%7B:g s:}:%7D:g s:\\|:%7C:g s:\\\\\\:%5C:g s:\\^:%5E:g s:~:%7E:g s:\\[:%5B:g s:\\]:%5D:g s:\\`:%60:g s:;:%3B:g s:/:%2F:g s:\\?:%3F:g s/:/%3A/g s:@:%40:g s:=:%3D:g s:&:%26:g s:\\$:%24:g s:\\!:%21:g s:\\*:%2A:g\" | eval itsiAlert=search_name | eval itsiInstance=entity_title | eval itsiSubInstance=if(isnull(itsiSubInstance), \"-\", itsiSubInstance) | eval itsiRawStatus=current_state | eval itsiSeverity=case(current_state = \"1\", 2, current_state=\"3\", 4, current_state = \"5\", 6, 1=1, 1) | eval itsiDetails = state_change + \": \" + identifier_dimensions + \" \" + metric_name + \" current value is \" + current_value | eval sec_grp=default_itsi_security_group | `filter_maintenance_entities`", "dispatch.time_format": "%FT%T.%Q%:z", "allow_skew": "0", "dispatch.spawn_process": "1", "alert.suppress.fields": null, "displayview": null, "action.itsi_event_generator.param.status": "1", "action.itsi_event_generator.param.owner": "unassigned", "object_type": "correlation_search"}]