[{"group_description": "%description%", "identifying_name": "default policy", "rules": [], "disabled": 0, "title": "Default Policy", "mod_time": 1547990598.247876, "_key": "itsi_default_policy", "description": "Applies to events that do not meet the criteria of any other active policy.", "group_assignee": "%owner%", "_user": "nobody", "breaking_criteria": {"items": [{"config": {"limit": "7200"}, "type": "pause"}], "condition": "OR"}, "group_severity": "%severity%", "group_status": "%status%", "create_time": 1547990598.247876, "priority": 5, "group_title": "%title%", "split_by_field": "source", "is_default": 1, "filter_criteria": {"items": [], "condition": "OR"}, "object_type": "notable_aggregation_policy"}, {"group_description": "%description%", "identifying_name": "default snmp policy", "rules": [], "disabled": 1, "title": "Default SNMP Policy", "mod_time": 1547990599.184685, "_key": "itsi_default_snmp_policy", "description": "Aggregation policy for SNMP traps", "group_assignee": "%owner%", "_user": "nobody", "breaking_criteria": {"items": [{"config": {"items": [{"config": {"operator": "=", "field": "severity", "value": "2"}, "type": "notable_event_field"}], "condition": "AND"}, "type": "clause"}], "condition": "OR"}, "group_severity": "%severity%", "group_status": "%status%", "create_time": 1547990599.184685, "priority": "", "group_title": "%title%", "split_by_field": "node,description", "is_default": 0, "filter_criteria": {"items": [{"config": {"items": [{"config": {"operator": "=", "field": "node", "value": "*"}, "type": "notable_event_field"}, {"config": {"operator": "=", "field": "description", "value": "*"}, "type": "notable_event_field"}], "condition": "AND"}, "type": "clause"}], "condition": "OR"}, "object_type": "notable_aggregation_policy"}, {"group_description": "%last_description%", "identifying_name": "normalized policy (splunk app for infrastructure)", "rules": [{"priority": 5, "title": "", "description": "", "actions": [{"items": [{"config": {"field": "status", "value": "4"}, "type": "notable_event_change", "execution_criteria": {"execute_on": "GROUP"}}], "condition": "AND"}], "activation_criteria": {"items": [{"type": "breaking_criteria"}, {"type": "notable_event_count", "config": {"limit": "2", "operator": ">="}}], "condition": "AND"}}, {"priority": 5, "title": "", "description": "", "actions": [{"items": [{"config": {"field": "status", "value": "5"}, "type": "notable_event_change", "execution_criteria": {"execute_on": "GROUP"}}], "condition": "AND"}], "activation_criteria": {"items": [{"type": "breaking_criteria"}, {"type": "notable_event_count", "config": {"limit": "1", "operator": "=="}}], "condition": "AND"}}], "disabled": 1, "title": "Normalized Policy (Splunk App for Infrastructure)", "mod_time": 1547990598.864744, "_key": "normalized_aggregation_policy", "description": "Applies to events that contain ITSI normalized fields.", "group_assignee": "%owner%", "_user": "nobody", "breaking_criteria": {"items": [{"type": "pause", "config": {"limit": "3600"}}, {"type": "clause", "config": {"items": [{"type": "notable_event_field", "config": {"operator": "=", "field": "severity", "value": "2"}}], "condition": "AND"}}], "condition": "OR"}, "group_severity": "%last_severity%", "group_status": "%status%", "create_time": 1547990598.864744, "priority": "", "group_title": "Normalized Alert for %itsiInstance% (%itsiSubInstance%) : %itsiAlert%", "split_by_field": "itsiAlert,itsiInstance,itsiSubInstance", "is_default": 0, "filter_criteria": {"items": [{"type": "clause", "config": {"items": [{"type": "notable_event_field", "config": {"operator": "=", "field": "itsiAlert", "value": "*"}}, {"type": "notable_event_field", "config": {"operator": "=", "field": "itsiInstance", "value": "*"}}, {"type": "notable_event_field", "config": {"operator": "=", "field": "itsiSubInstance", "value": "*"}}, {"type": "notable_event_field", "config": {"operator": "=", "field": "itsiSeverity", "value": "*"}}], "condition": "AND"}}], "condition": "OR"}, "object_type": "notable_aggregation_policy"}]