[{"_version": "4.0.3", "acl": {"write": ["itoa_admin"], "owner": "nobody", "delete": ["itoa_admin"], "read": ["itoa_admin", "itoa_analyst", "itoa_user", "*"]}, "identifying_name": "global", "_key": "default_itsi_security_group", "title": "Global", "parents": [], "description": "Default team for ITSI", "_user": "nobody", "_immutable": "0", "mod_source": "REST", "permissions": {"group": {"read": true, "write": true, "delete": true}, "user": "nobody", "delete": true, "read": true, "write": true}, "mod_timestamp": "2019-01-20T13:23:19.598396+00:00", "children": [], "object_type": "team"}]